tahun,bulan,inflasi
2006,1,1.36
2006,2,0.58
2006,3,0.03
2006,4,0.05
2006,5,0.37
2006,6,0.45
2006,7,0.45
2006,8,0.33
2006,9,0.38
2006,10,0.86
2006,11,0.34
2006,12,1.21
2007,1,1.04
2007,2,0.62
2007,3,0.24
2007,4,-0.16
2007,5,0.10
2007,6,0.23
2007,7,0.72
2007,8,0.75
2007,9,0.80
2007,10,0.79
2007,11,0.18
2007,12,1.10
2008,1,1.77
2008,2,0.65
2008,3,0.95
2008,4,0.57
2008,5,1.41
2008,6,2.46
2008,7,1.37
2008,8,0.51
2008,9,0.97
2008,10,0.45
2008,11,0.12
2008,12,-0.04
2009,1,-0.07
2009,2,0.21
2009,3,0.22
2009,4,-0.31
2009,5,0.04
2009,6,0.11
2009,7,0.45
2009,8,0.56
2009,9,1.05
2009,10,0.19
2009,11,-0.03
2009,12,0.33
2010,1,0.84
2010,2,0.30
2010,3,-0.14
2010,4,0.15
2010,5,0.29
2010,6,0.97
2010,7,1.57
2010,8,0.76
2010,9,0.44
2010,10,0.06
2010,11,0.60
2010,12,0.92
2011,1,0.89
2011,2,0.13
2011,3,-0.32
2011,4,-0.31
2011,5,0.12
2011,6,0.55
2011,7,0.67
2011,8,0.93
2011,9,0.27
2011,10,-0.12
2011,11,0.34
2011,12,0.57
2012,1,0.76
2012,2,0.05
2012,3,0.07
2012,4,0.21
2012,5,0.07
2012,6,0.62
2012,7,0.70
2012,8,0.95
2012,9,0.01
2012,10,0.16
2012,11,0.07
2012,12,0.54
2013,1,1.03
2013,2,0.75
2013,3,0.63
2013,4,-0.10
2013,5,-0.03
2013,6,1.03
2013,7,3.29
2013,8,1.12
2013,9,-0.35
2013,10,0.09
2013,11,0.12
2013,12,0.55
2014,1,1.07
2014,2,0.26
2014,3,0.08
2014,4,-0.02
2014,5,0.16
2014,6,0.43
2014,7,0.93
2014,8,0.47
2014,9,0.27
2014,10,0.47
2014,11,1.50
2014,12,2.46
2015,1,-0.24
2015,2,-0.36
2015,3,0.17
2015,4,0.36
2015,5,0.50
2015,6,0.54
2015,7,0.93
2015,8,0.39
2015,9,-0.05
2015,10,-0.08
2015,11,0.21
2015,12,0.96
2016,1,0.51
2016,2,-0.09
2016,3,0.19
2016,4,-0.45
2016,5,0.24
2016,6,0.66
2016,7,0.69
2016,8,-0.02
2016,9,0.22
2016,10,0.14
2016,11,0.47
2016,12,0.42
2017,1,0.97
2017,2,0.23
2017,3,-0.02
2017,4,0.09
2017,5,0.39
2017,6,0.69
2017,7,0.22
2017,8,-0.07
2017,9,0.13
2017,10,0.01
2017,11,0.20
2017,12,0.71
2018,1,0.62
2018,2,0.17
2018,3,0.20
2018,4,0.10
2018,5,0.21
2018,6,0.59
2018,7,0.28
2018,8,-0.05
2018,9,-0.18
2018,10,0.28
2018,11,0.27
2018,12,0.62
2019,1,0.32
2019,2,-0.08
2019,3,0.11
2019,4,0.44
2019,5,0.68
2019,6,0.55
2019,7,0.31
2019,8,0.12
2019,9,-0.27
2019,10,0.02
2019,11,0.14
2019,12,0.34
2020,1,0.39
2020,2,0.28
2020,3,0.10
2020,4,0.08
2020,5,0.07
2020,6,0.18
2020,7,-0.10
2020,8,-0.05
2020,9,-0.05
2020,10,0.07
2020,11,0.28
2020,12,0.45
2021,1,0.26
2021,2,0.10
2021,3,0.08
2021,4,0.13
2021,5,0.32
2021,6,-0.16
2021,7,0.08
2021,8,0.03
2021,9,-0.04
2021,10,0.12
2021,11,0.37
2021,12,0.57
2022,1,0.56
2022,2,-0.02
2022,3,0.66
2022,4,0.95
2022,5,0.40
2022,6,0.61
2022,7,0.64
2022,8,-0.21
2022,9,1.17
2022,10,-0.11
2022,11,0.09
2022,12,0.66
2023,1,0.34
2023,2,0.16
2023,3,0.18
2023,4,0.33
2023,5,0.09
2023,6,0.14
2023,7,0.21
2023,8,-0.02
2023,9,0.19
2023,10,0.17
2023,11,0.38
2023,12,0.41
2024,1,0.04
2024,2,0.37
2024,3,0.52
2024,4,0.25
2024,5,-0.03
2024,6,-0.08
2024,7,-0.18
2024,8,-0.03
2024,9,-0.12
2024,10,0.08
2024,11,0.30
2024,12,0.44
2025,1,-0.76
2025,2,-0.48
2025,3,1.65
2025,4,1.17
2025,5,-0.37
2025,6,0.19
2025,7,0.30
2025,8,-0.08
2025,9,0.21
2025,10,0.28
2025,11,0.17
2025,12,0.64
2026,1,-0.15
2026,2,0.68
2026,3,0.41
2026,4,0.13
2026,5,0.28
2026,6,0.44
2026,7,-0.14
2026,8,0.21
2026,9,0.30
